코드,배송처명,통합도매장,권역,누적배송료
200486,천안역동부편의점(최진옥),천안역동부편의점(최진옥),충청권,15000
204065,"서울3,4홈편의점","서울3,4홈편의점",수도권,870
33047,보광주류상사(유) 서울,보광주류상사(유) 서울,수도권,308260
33050,(유)중앙종합주류,(유)중앙종합주류,수도권,3283750
33052,두리주류판매,두리주류판매,수도권,738240
33055,동풍상사㈜,동풍상사㈜,수도권,343120
33056,동우주류㈜,동우주류㈜,수도권,68640
33059,나산주류상사,나산주류상사(통합),수도권,2368560
33061,(유)선진주류,(유)선진주류,수도권,481690
33064,상승상사(주),상승상사(주),수도권,477570
33065,(유)만두유통,(유)만두유통(통합),수도권,5218030
33066,일호물산(주),일호물산(주),수도권,252760
33070,가야주류(주),가야주류(주),수도권,567870
33072,남서울주류(주),남서울주류(주),수도권,164060
33073,두손주류가양,두손주류㈜(통합),수도권,560360
33076,(주)용천물산,(주)용천물산,수도권,72960
33079,세계주류㈜신림,세계주류㈜신림,수도권,11549880
33080,서영주류판매(유),서영주류판매(유)(통합),수도권,8824290
33081,(유)남부상사,(유)남부상사,수도권,375400
33082,신림주류(신내),신림주류(신내),수도권,207300
33083,우성식품,우성식품(통합),수도권,884960
33085,풍원식품(주),풍원식품(주),수도권,78450
33087,성동주류판매(주),성동주류판매(주),수도권,74220
33088,서우상사 유한회사,서우상사 유한회사,수도권,462860
33089,(주)대영주류,대영주류(주)_갓잇(통합),수도권,434610
33090,재영유통(주),재영유통(주),수도권,5040
33091,(주)명지주류,(주)명지주류,수도권,427330
33092,대정 주식회사,대정 주식회사(통합),수도권,4660590
33094,대풍주류판매,대풍주류판매,수도권,125370
33095,성주실업(유),성주실업(유),수도권,59160
33097,송정주류(유),송정주류(유),수도권,1010210
33098,서울주류합동(주),서울주류합동(주),수도권,88610
33100,진양주류(주),진양주류(주),수도권,140520
33102,은하수주류(주),은하수주류(주),수도권,23310
33103,강남양행(명),강남양행(명),수도권,211830
33105,성북칠성㈜,성북칠성㈜,수도권,4350
33106,천지상사(유한),천지상사(유한),수도권,59180
33107,(주)모닝코리아,(주)모닝코리아,수도권,472250
33108,석재상사(유),석재상사(유),수도권,311270
33109,삼정종합주류 주식회사,삼정종합주류 주식회사,수도권,98880
33110,수창주류(주),수창주류(주),수도권,9390
33112,(주)경남주류,(주)경남주류,수도권,270070
33114,아리랑주류㈜,아리랑주류㈜,수도권,211560
33116,(유)태남흥산,(유)태남흥산,수도권,117840
33118,(유)정진주류상사,(유)정진주류상사,수도권,92400
33119,삼일주류(유),삼일주류(유),수도권,191590
33120,(주)신원주류-마포,(주)신원주류-마포,수도권,70320
33121,경일주류㈜,경일주류㈜,수도권,391460
33122,(주)원창진흥,(주)원창진흥,수도권,311240
33126,(주)진성통합상사,(주)진성통합상사,수도권,3290190
33128,화성통합상사,화성통합상사,수도권,393440
33129,임성상사 주식회사,임성상사 주식회사,수도권,30450
33131,진두유통(유),진두유통(유),수도권,1030870
33132,동천주류등촌,동천주류등촌,수도권,1188720
33133,해성주류(주),해성주류(주),수도권,191370
33134,서광상사(유),서광상사(유),수도권,39940
33135,서림유통(주),서림유통(주),수도권,21750
33136,동대문종합주류,동대문종합주류,수도권,294010
33138,(합)배원유통,(합)배원유통,수도권,199740
33140,(주)승진종합주류,(주)승진종합주류,수도권,445320
33141,유화진흥㈜,유화진흥㈜,수도권,507860
33142,(주)중문주류,(주)중문주류,수도권,171050
33143,선전기업(주),선전기업(주),수도권,497850
33145,양강물산㈜,양강물산㈜,수도권,33060
33148,금강주류성동,금강주류성동,수도권,365700
33149,성북합동상사(주),성북합동상사(주),수도권,898020
33151,(유)동남양행,(유)동남양행,수도권,300260
33152,(주)양지종합주류,(주)양지종합주류,수도권,528840
33153,신승상사(주),신승상사(주),수도권,607290
33155,세왕상사(주),세왕상사(주),수도권,3429830
33156,(유)두하실업,(유)두하실업,수도권,494270
33158,동성주류(유),동성주류(유),수도권,647360
33159,송화주류상사(유),송화주류상사(유),수도권,1123790
33161,정방주류(주),정방주류(주),수도권,623250
33162,(주)신성주류-양천,(주)신성주류-양천,수도권,15120
33164,(명)영풍통합상사,(명)영풍통합상사,수도권,314290
33165,(유) 거산주류,(유) 거산주류,수도권,225600
33166,산성주류(주),산성주류(주),수도권,39990
33167,(유)삼부주류판매,(유)삼부주류판매,수도권,3097405
33169,용화상사(주),용화상사(주),수도권,126120
33171,다산주류서초,다산주류서초,수도권,2826780
33172,세명주류(유),세명주류(유),수도권,135580
33173,세광주류구로,세광주류구로,수도권,760400
33174,(주)북창기업,(주)북창기업,수도권,4293595
33175,(주)선호상사,(주)선호상사,수도권,423150
33176,쌍용종합주류판매(주),쌍용종합주류판매(주),수도권,268670
33177,(주)임창상사,(주)임창상사,수도권,489900
33178,(주)충무주류,(주)충무주류,수도권,171720
33179,(유)용우상사,(유)용우상사(통합),수도권,4996040
33180,(유)영일흥산,(유)영일흥산,수도권,244520
33181,대림종합주류(유),대림종합주류(유),수도권,54840
33182,(유)신합상사(오전배송),(유)신합상사(오전배송)(통합),수도권,3141490
33184,(주)금성주류,(주)금성주류,수도권,55830
33189,삼한주류상사(주),삼한주류상사(주),수도권,86250
33190,종로기업(주),종로기업(주),수도권,1521990
33191,북부주류판매상사(유),북부주류판매상사(유),수도권,30240
33192,광장주류판매(주),광장주류판매(주),수도권,2143140
33194,청룡주류(주),청룡주류(주),수도권,631120
33195,(유)광진주류판매,(유)광진주류판매,수도권,258750
33196,신내종합주류㈜,신내종합주류㈜,수도권,1540165
33197,동양주류(주),동양주류(주)(통합),수도권,541790
33198,덕윤주류판매(주),덕윤주류판매(주),수도권,33330
33199,민선종합주류㈜,민선종합주류㈜,수도권,107940
33200,럭키주류(주),럭키주류(주),수도권,36330
33202,(주)신정주류,(주)신정주류,수도권,10440
33205,타래주류(유),타래주류(유),수도권,51780
33206,독도사랑(주),독도사랑(주),수도권,46980
33207,성두유통강동,성두유통강동,수도권,174190
33210,(유)원천종합주류(오전8시),원천씨제이(오전8시)(통합),수도권,2380260
33213,(유)동남종합주류,(유)동남종합주류,수도권,35760
33214,우현종합주류(주),우현종합주류(주),수도권,48150
33216,(유)보경실업,(유)보경실업,수도권,62720
33217,한맥상사(주),한맥상사(주),수도권,449660
33219,정산주류(주),정산주류(주),수도권,115350
33222,삼성주류강동,삼성주류강동,수도권,461400
33223,(주)양지종합주류구리,(주)양지종합주류구리,수도권,941420
33225,길성판매유한회사,길성판매유한회사,수도권,63990
33228,(유)남양주류,(유)남양주류,수도권,442020
33229,태영주류(유),태영주류(유),수도권,290990
33230,(유)세진주류,(유)세진주류,수도권,2596680
33232,(유)하나주류,(유)하나주류,수도권,227050
33233,(유)통일종합주류,(유)통일종합주류,수도권,373090
33234,(주)성포주류,(주)성포주류,수도권,789225
33235,(주)고양상사,(주)고양상사,수도권,1503960
33236,의창실업(주),의창실업(주)(통합),수도권,2233620
33237,삼풍(주),삼풍(주),수도권,120300
33238,원창상사(유),원창상사(유),수도권,32310
33239,석송주류(유),석송주류(유),수도권,1108940
33241,(주)삼정주판,(주)삼정주판,수도권,516690
33244,중앙주류(주),중앙주류(주),수도권,132150
33245,성원주류(유),성원주류(유),수도권,102540
33247,서린주류주식회사,서린주류주식회사(통합),수도권,5592140
33248,(유)한영,(유)한영,수도권,162390
33249,구리상사(유),구리상사(유),수도권,60360
33250,우주실업㈜,우주실업㈜,수도권,93870
33251,산본주류유한회사,산본주류유한회사,수도권,133640
33252,군포주류(유),군포주류(유),수도권,1093110
33253,대인상사(유),대인상사(유),수도권,862770
33255,포도종합주류(유)_군포,포도종합주류(유)_군포,수도권,534780
33256,(유)동인주류,(유)동인주류,수도권,79800
33257,에이스주산,에이스주산,수도권,1604760
33258,연일주류 주식회사,연일주류 주식회사,수도권,39630
33259,금파주류(합병),금파주류(합병),수도권,254290
33260,성진상사주식회사,성진상사주식회사,수도권,80970
33261,양정종합주류(유),양정종합주류(유),수도권,87900
33262,(유)영산실업,(유)영산실업,수도권,28650
33264,오남주류(유한),오남주류(유한),수도권,175060
33265,와부상사(유),와부상사(유),수도권,68090
33266,(유)한강주류,(유)한강주류,수도권,628080
33267,북양종합주류(유),북양종합주류(유),수도권,34440
33268,극동주류(명),극동주류(명),수도권,169080
33269,아람종합주류(유),아람종합주류(유),수도권,373340
33270,대화주류(주),대화주류(주)(통합),수도권,995550
33271,미래종합유통유한회사,미래종합유통유한회사,수도권,49740
33272,(유)술파는사람들,(유)술파는사람들,수도권,136430
33273,(유)부림주류,(유)부림주류,수도권,216810
33276,삼풍주류(유) 성남,삼풍주류(유) 성남,수도권,263770
33278,포도주류분당(오전8시이전),포도주류분당(오전8시이전),수도권,10042790
33280,두성(유),두성(유),수도권,106830
33281,(유)투원주류,(유)투원주류,수도권,502740
33282,(유)동천,(유)동천,수도권,84150
33284,유한회사 라온산수주류,유한회사 라온산수주류,수도권,84740
33287,경기연합주류(유),경기연합주류(유),수도권,171980
33288,한성주류,한성주류,수도권,293960
33290,(주)영광주류,(주)영광주류,수도권,3222320
33291,새한주류 유한회사,새한주류 유한회사,수도권,16530
33292,(주)혜성주류,(주)혜성주류,수도권,1117850
33293,서호주류(유),서호주류(유),수도권,462240
33294,장안주류판매(주),장안주류판매(주),수도권,660030
33295,(주)수성주류,(주)수성주류,수도권,279040
33297,주식회사 경기종합주류,주식회사 경기종합주류,수도권,251600
33298,에스원주류㈜,에스원주류㈜,수도권,2767040
33299,유한회사 태광주류,유한회사 태광주류,수도권,502710
33300,세계주류(유)수원,세계주류(유)수원,수도권,1978010
33301,동원주류판매(주),동원주류판매(주),수도권,248170
33302,동화주류(자),동화주류(자),수도권,45360
33305,(주)홍진종합주류,(주)홍진종합주류,수도권,585500
33306,대흥주류유한회사,대흥주류유한회사,수도권,264100
33307,안흥주류(유),안흥주류(유),수도권,203370
33309,건국종합주류(주),건국종합주류(주),수도권,112980
33311,탑주류안산,탑주류안산,수도권,193090
33312,시화주류(유),시화주류(유),수도권,329960
33313,금강 유한회사,금강 유한회사,수도권,271410
33315,(유)광덕주류(안산),(유)광덕주류(안산),수도권,250900
33316,백전주류(주),백전주류(주),수도권,77940
33317,대한주류(유),대한주류(유),수도권,138720
33319,(유)안성종합주류,(유)안성종합주류,수도권,99750
33321,(합)낙원주류,(합)낙원주류,수도권,31060
33322,백산주류(유),백산주류(유)_클럽(통합),수도권,689170
33323,덕천상사(유),덕천상사(유),수도권,18600
33326,(유)진양주류-안양,(유)진양주류-안양,수도권,3480
33327,삼정주류(주),삼정주류(주),수도권,29340
33328,흥안주류(유),흥안주류(유),수도권,1005770
33329,덕건상사(주),덕건상사(주),수도권,54960
33330,(유)건양상사,(유)건양상사,수도권,51270
33331,세종주류상사,세종주류상사,수도권,79560
33332,북성상사(자),북성상사(자),수도권,23630
33333,제일상사여주,제일상사여주,수도권,32880
33336,(유)성원종합주류,(유)성원종합주류,수도권,589760
33337,(유)기흥주류,(유)기흥주류,수도권,1226850
33338,태정종합주류상사(유),태정종합주류상사(유),수도권,31410
33340,신영주류(명),신영주류(명),수도권,602115
33342,포도주류유한회사_의왕(오전8시30분),포도주류유한회사_의왕(오전8시30분),수도권,9809835
33343,경의주류판매㈜,경의주류판매㈜,수도권,32130
33344,태경상사(유),태경상사(유),수도권,1518140
33346,대지상사(합자),대지상사(합자),수도권,5220
33347,중앙상사(합자),중앙상사(합자),수도권,37320
33348,(합)이천상사,(합)이천상사,수도권,37980
33349,동광상사(합자),동광상사(합자),수도권,110340
33350,일산종합주류(유),일산종합주류(유),수도권,395960
33352,현대상사(유),현대상사(유),수도권,28240
33353,금촌상사(유),금촌상사(유),수도권,14430
33354,문산상사(유),문산상사(유),수도권,72660
33355,(주)서부상사-파주,(주)서부상사-파주,수도권,74430
33356,경기주류(유),경기주류(유),수도권,349560
33357,합동주류(주),합동주류(주),수도권,176160
33358,송탄주류판매(주),송탄주류판매(주),수도권,1236130
33359,안중주류(유),안중주류(유),수도권,207780
33360,경남상사(합명),경남상사(합명),수도권,116400
33361,대림상사 평택,대림상사 평택,수도권,476050
33362,대성주류평택,대성주류평택,수도권,702880
33363,현대주류(합자),현대주류(합자),수도권,170650
33364,대우상사(주),대우상사(주),수도권,969555
33368,서해주류종합,서해주류종합,수도권,102915
33370,(유)동광상사-화성,(유)동광상사-화성,수도권,477765
33371,(유)병점주류,(유)병점주류,수도권,440800
33374,경기동부수퍼마켓협동,경기동부수퍼마켓협동,수도권,1906020
33375,도드람종합주류,도드람종합주류,수도권,1740350
33376,고우리종합주류㈜,고우리종합주류㈜,수도권,352440
33377,소사합동(유),소사합동(유),수도권,266880
33378,부흥상사(주),부흥상사(주),수도권,124680
33379,부인상사부천,부인상사부천,수도권,58230
33380,백경주류(명),백경주류(명),수도권,4350
33381,신흥주류(유),신흥주류(유),수도권,33330
33382,(주)현대주류-시흥,(주)현대주류-시흥,수도권,6464200
33385,두리상사유한회사,두리상사유한회사,수도권,296540
33387,(주)해동주류-성남(오전9시),(주)해동주류-성남(오전9시),수도권,3132290
33389,보천상사(유한),보천상사(유한),수도권,5040
33391,(유)광성주류,(유)광성주류,수도권,155550
33392,남광주류 주식회사,남광주류 주식회사,수도권,230970
33393,서부상사의정,서부상사의정,수도권,55680
33395,조은주류 합명회사,조은주류 합명회사,수도권,11310
33396,평택주류경기,평택주류경기,수도권,96150
33398,양평상사(자),양평상사(자),수도권,38100
33400,동호상사(유),동호상사(유),수도권,5220
33401,으뜸주류(유),으뜸주류(유),수도권,316630
33402,의양상사(주),의양상사(주),수도권,86890
33403,삼정주류인천,삼정주류인천,수도권,548430
33404,동화상사(유),동화상사(유),수도권,61110
33405,(주)서광컴퍼니,(주)서광컴퍼니,수도권,1929870
33406,(유)태양주류,(유)태양주류,수도권,3683610
33407,대륙종합주류,대륙종합주류,수도권,18660
33408,태경 유한회사,태경 유한회사,수도권,969280
33409,태흥(유)성남,태흥(유)성남,수도권,248240
33410,화성합동(주),화성합동(주),수도권,129460
33411,의정상사양주,의정상사양주,수도권,60690
33415,진원(유)성남,진원(유)성남,수도권,58110
33416,(유)금호주류상사,(유)금호주류상사,수도권,438190
33419,심도상사(합명),심도상사(합명),수도권,433235
33420,광덕상사(주),광덕상사(주),수도권,75690
33421,정현종합인천,정현종합인천,수도권,5244220
33422,태정종합인천,태정종합인천,수도권,569870
33423,인일상사(명),인일상사(명),수도권,15120
33424,합동상사(주),합동상사(주),수도권,335950
33426,(주)인화상사,(주)인화상사,수도권,451460
33427,보광주류상사(유한) 인천,보광주류상사(유한) 인천,수도권,57540
33428,동영(주),동영(주),수도권,497750
33431,현진상사㈜,현진상사㈜,수도권,594580
33432,(주)부평상사,(주)부평상사,수도권,21750
33433,(유)유진합동주류,(유)유진합동주류,수도권,203140
33434,진양상사인천,진양상사인천,수도권,441310
33435,대양상사(주),대양상사(주),수도권,93270
33436,(합)해동상사-인천,(합)해동상사-인천,수도권,190040
33437,풍성주류,풍성주류,수도권,247920
33438,(유)원진상사,(유)원진상사,수도권,308660
33439,중부상사인천,중부상사인천,수도권,284600
33441,옹진합동상사(주),옹진합동상사(주),수도권,459140
33442,(주)제일상사-인천,(주)제일상사-인천,수도권,25560
33443,(유)경포주류,(유)경포주류,강원권,955110
33444,동부주류(유한),동부주류(유한),강원권,122510
33445,명주합동주류(유),명주합동주류(유),강원권,139000
33446,관동주류판매(주),관동주류판매(주),강원권,742850
33447,대유양주판매(주),대유양주판매(주),강원권,159140
33451,영서종합주류(자),영서종합주류(자),강원권,792930
33453,세계주류㈜춘천,세계주류㈜춘천(통합),강원권,16664230
33454,치악주류판매(명),치악주류판매(명),강원권,181700
33455,원일 주식회사,원일 주식회사,강원권,1560690
33456,구룡주류판매(주),구룡주류판매(주),강원권,141960
33457,해동주류 원주,해동주류 원주,강원권,440630
33458,(주)강원남부주류,(주)강원남부주류,강원권,351530
33459,대한종합주류판매상사 합자회사,대한종합주류판매상사 합자회사,강원권,877070
33460,간성합동상사(주),간성합동상사(주),강원권,137110
33461,제1종합주류판매(주),제1종합주류판매(주),강원권,398620
33462,춘성주류,춘성주류,강원권,162680
33463,현대주류(유한),현대주류(유한),강원권,471760
33464,정우(유),정우(유),강원권,77260
33466,대양주류판매상사(명),대양주류판매상사(명),강원권,46170
33468,동해주류상사(명),동해주류상사(명),강원권,332690
33469,영월종합주류(합명),영월종합주류(합명),강원권,10860
33470,속초합동상사(주),속초합동상사(주),강원권,225340
33471,(주)춘천주류,(주)춘천주류,강원권,393980
33472,덕우사(자),덕우사(자),강원권,1029450
33474,대명종합주류(주),대명종합주류(주),강원권,1405400
33475,공주합동상사(자),공주합동상사(자),충청권,413990
33476,대한주류상사(유),대한주류상사(유),충청권,271250
33477,당진상사(유),당진상사(유),충청권,165540
33479,신도(주)충남,신도(주)충남,충청권,214070
33480,평화상사(유),평화상사(유),충청권,249160
33481,서산주류판매(주),서산주류판매(주),충청권,346440
33482,충무상사(자),충무상사(자),충청권,151590
33483,태왕상사(자),태왕상사(자),충청권,54410
33484,태창상사(자),태창상사(자),충청권,130510
33485,천안종합주류상사(자),천안종합주류상사(자),충청권,516450
33486,유일상사(주),유일상사(주)(통합),충청권,3432770
33487,한밭연쇄점(주)천안,한밭연쇄점(주)천안,충청권,1283325
33488,천원합동(자),천원합동(자),충청권,306490
33489,백락주류충남,백락주류충남,충청권,1606980
33490,천안상사(주),천안상사(주),충청권,762200
33491,우리주류상사(자),우리주류상사(자),충청권,1080110
33492,태성주류(유),태성주류(유),충청권,222520
33493,태안주류판매(자),태안주류판매(자),충청권,973240
33494,홍성주류합자회사,홍성주류합자회사,충청권,49440
33495,제일상사(유) 보령,제일상사(유) 보령,충청권,313110
33496,태산주류합동 유한회사,태산주류합동 유한회사,충청권,172470
33497,통일상사충남,통일상사충남,충청권,206590
33498,예산주류(주),예산주류(주),충청권,37820
33499,(유)신태산주류합동,(유)신태산주류합동,충청권,15260
33500,충남천안슈퍼마켓협동조합,충남천안슈퍼마켓협동조합,충청권,2449150
33501,대명주류상사(유),대명주류상사(유),충청권,1354690
33502,동양상사(유),동양상사(유),충청권,544350
33503,한길상사(자),한길상사(자),충청권,134860
33504,온양상사㈜,온양상사㈜,충청권,464590
33506,광천주류(자),광천주류(자),충청권,35100
33507,오비상사(유),오비상사(유),충청권,334790
33508,현대주류상사(자),현대주류상사(자),충청권,504360
33509,바다주류㈜,바다주류㈜,충청권,1878360
33510,청마주류(주),청마주류(주),충청권,374770
33511,집합상사(자),집합상사(자),충청권,259780
33513,서해주류(유),서해주류(유),충청권,252460
33514,서령주류 유한회사,서령주류 유한회사,충청권,137830
33515,남부주류서산,남부주류서산,충청권,136200
33516,서부수퍼충남,서부수퍼충남,충청권,180130
33517,아성주류 주식회사,아성주류 주식회사,충청권,599165
33519,계룡주류상사(주),계룡주류상사(주),충청권,97250
33520,(주)아성주류상사대전,(주)아성주류상사대전,충청권,2325620
33521,삼사주류(주),삼사주류(주),충청권,444050
33523,송림주류(주),송림주류(주),충청권,280930
33524,대광상사대전,대광상사대전,충청권,3141740
33526,충청주류상사(주),충청주류상사(주),충청권,5660215
33527,아성상사(자),아성상사(자),충청권,7320
33528,청원주류상사(합),청원주류상사(합),충청권,1275300
33529,대전합동상사,대전합동상사,충청권,1525630
33530,삼성주류대전,삼성주류대전,충청권,1162440
33531,대덕주류,대덕주류,충청권,1006870
33532,동산주류상사(주),동산주류상사(주),충청권,221380
33533,장천상사(주),장천상사(주),충청권,2303780
33534,현대주류주식회사,현대주류주식회사,충청권,1163320
33535,대덕상사(주),대덕상사(주),충청권,894760
33536,한밭상사(주),한밭상사(주),충청권,1223745
33537,대신상사(유),대신상사(유),충청권,419430
33538,하나주류(유),하나주류(유),충청권,556570
33539,우리주류대전,우리주류대전,충청권,245440
33541,세계양주(자),세계양주(자),충청권,2172060
33542,동양합동상사(주),동양합동상사(주),충청권,468890
33543,바다종합주류㈜,바다종합주류㈜,충청권,258360
33544,신도상사 유한회사,신도상사 유한회사,충청권,36200
33546,동서주류상사(자),동서주류상사(자),충청권,1715800
33547,청호주류합명회사,청호주류합명회사(통합),충청권,2065360
33549,하나종합주류주식회사,하나종합주류주식회사,충청권,416980
33550,동양체인(주),동양체인(주),충청권,57750
33551,우리주류(주),우리주류(주),충청권,661535
33552,청남주류(자),청남주류(자),충청권,47400
33553,제일상사(유) 청주,제일상사(유) 청주,충청권,290980
33554,(유)성원주류,(유)성원주류,충청권,186050
33555,새한물산(주),새한물산(주),충청권,158640
33556,원진주류청주,원진주류청주,충청권,573820
33557,충청주류(자)_청주,충청주류(자)_청주,충청권,559060
33558,대일주류합자회사,대일주류합자회사,충청권,1000700
33559,삼화상사(주),삼화상사(주),충청권,348800
33560,충북종합주류(주),충북종합주류(주),충청권,331090
33561,중원주류상사(명),중원주류상사(명),충청권,168310
33562,국원주류합동(자),국원주류합동(자),충청권,171170
33563,대청종합주류상사(유),대청종합주류상사(유),충청권,1614270
33564,대원종합주류(명),대원종합주류(명),충청권,617750
33565,청원주류상사(유),청원주류상사(유),충청권,194780
33566,대성종합주류(유),대성종합주류(유),충청권,410250
33567,성림상사(주),성림상사(주),충청권,90680
33568,청주주류상사(유),청주주류상사(유),충청권,1105590
33569,충북청주수퍼마켓협동조합,충북청주수퍼마켓협동조합,충청권,2329520
33570,음성상사(주),음성상사(주),충청권,101900
33572,서원주류상사(유),서원주류상사(유),충청권,824550
33574,대진종합주류(유),대진종합주류(유),충청권,410465
33575,한국주류 합자회사,한국주류 합자회사,충청권,232790
33576,예성주류합동(자),예성주류합동(자),충청권,1030010
33577,광성합동상사(자),광성합동상사(자),충청권,17080
33578,탄금합동(명),탄금합동(명),충청권,55470
33579,남부상사(유),남부상사(유),충청권,3637240
33581,영신주류영동,영신주류영동,충청권,354960
33583,음성합동상사(자),음성합동상사(자),충청권,68260
33584,괴산주류충북,괴산주류충북,충청권,72120
33585,조양상사(주),조양상사(주),경상권,402800
33586,스파유통(주),스파유통(주),경상권,1029530
33587,합자회사 예원,합자회사 예원,경상권,7958730
33588,삼능상사(합),삼능상사(합),경상권,230810
33590,금호상사(합자),금호상사(합자),경상권,68840
33594,남영(주),남영(주),경상권,38830
33595,유원상사(자),유원상사(자),경상권,2470790
33596,해성주류판매주식회사,해성주류판매주식회사,경상권,2709430
33597,청림상사(유),청림상사(유),경상권,1803565
33598,대림(주),대림(주),경상권,2150630
33599,스타수입주류(주),스타수입주류(주),경상권,28770
33600,부덕종합주류(주),부덕종합주류(주),경상권,1123070
33601,미래종합주류(합),미래종합주류(합),경상권,1334230
33602,세창상사(주),세창상사(주),경상권,363990
33603,부성종합부산,부성종합부산,경상권,5171580
33605,태성주류부산,태성주류부산,경상권,904060
33606,부영(주),부영(주),경상권,13400
33607,부림(주),부림(주),경상권,35270
33608,대동상사부산,대동상사부산,경상권,1139580
33609,한진상사(유),한진상사(유),경상권,713530
33610,국일(주),국일(주),경상권,244480
33612,도천상사(유),도천상사(유),경상권,262710
33613,태일상사(주),태일상사(주),경상권,79450
33615,대도실업(주),대도실업(주),경상권,2184760
33616,신우(주),신우(주),경상권,705010
33617,동림상사(자),동림상사(자),경상권,895130
33618,우성종합부산,우성종합부산,경상권,913310
33619,한양유통합자회사,한양유통합자회사,경상권,1916000
33620,(주)에스엠바로코사부산,(주)에스엠바로코사부산,경상권,2378510
33621,남성상사(주),남성상사(주),경상권,1906990
33622,호성(주),호성(주),경상권,720400
33623,동일주류상사(주),동일주류상사(주),경상권,648380
33625,(주)동남,(주)동남(통합),경상권,2009650
33626,신부창(유),신부창(유),경상권,999620
33627,(주)삼진,(주)삼진(통합),경상권,5592980
33628,동래상사-부산,동래상사-부산,경상권,10009200
33630,부경주류(합자),부경주류(합자),경상권,146520
33631,대원주류(자),대원주류(자),경상권,349180
33632,서천(주),서천(주),경상권,1274810
33633,(주)천해,(주)천해,경상권,399630
33634,해동주류 부산,해동주류 부산,경상권,2393910
33635,신도(주),신도(주),경상권,612240
33636,창성주류판매(주),창성주류판매(주),경상권,327260
33638,범창주류 주식회사,범창주류 주식회사,경상권,2307010
33639,백마(주),백마(주),경상권,981490
33640,삼덕주류부산,삼덕주류부산,경상권,1926480
33641,(유)일승,(유)일승,경상권,852730
33642,청인상사(합),청인상사(합),경상권,50690
33644,현대상사(주),현대상사(주),경상권,1761770
33645,일진(주)부산,일진(주)부산,경상권,580530
33646,동원상사(유),동원상사(유),경상권,1518240
33647,해림상사(주),해림상사(주),경상권,626680
33648,매일상사(유),매일상사(유),경상권,3329830
33650,남산주류(자),남산주류(자),경상권,233580
33651,풍국상사부산,풍국상사부산,경상권,263790
33652,대한상사(주),대한상사(주),경상권,289720
33653,부산동부수퍼마켓협동조합,부산동부수퍼마켓협동조합,경상권,3779620
33654,태광상사(자),태광상사(자),경상권,2668590
33655,대일상사(주),대일상사(주),경상권,411030
33657,홍익주류합자회사,홍익주류합자회사,경상권,2774600
33658,대천상사(자),대천상사(자),경상권,470850
33659,신세계수입주류 합자회사,신세계수입주류 합자회사,경상권,9099960
33661,협진상사부산,협진상사부산,경상권,367080
33662,(유)우진리큐어,(유)우진리큐어,경상권,138070
33664,청설주류(자),청설주류(자),경상권,1514090
33666,신진주류(주)울산,신진주류(주)울산,경상권,92450
33667,한국주류(주),한국주류(주),경상권,212100
33668,태양체인본부(명),태양체인본부(명),경상권,3966020
33672,울주주류판매부산㈜,울주주류판매부산㈜,경상권,57260
33673,울산근대화연쇄점(주),울산근대화연쇄점(주),경상권,2784060
33674,현대화체인㈜,현대화체인㈜,경상권,1152350
33675,삼원주류판매상사㈜,삼원주류판매상사㈜,경상권,301960
33676,신정슈퍼체인본부(주),신정슈퍼체인본부(주),경상권,5227950
33677,삼성양주(합),삼성양주(합),경상권,713490
33678,동인주류(주),동인주류(주),경상권,199720
33679,신정주류(명),신정주류(명),경상권,224940
33680,울산주판(명),울산주판(명),경상권,121440
33681,모든주류울산,모든주류울산,경상권,706850
33682,국제주류울산,국제주류울산,경상권,7920
33683,두산상사(주),두산상사(주)(통합),경상권,242160
33684,명성상사(합자),명성상사(합자),경상권,277240
33685,화창주류(주),화창주류(주),경상권,935540
33686,대덕주류(주)대구,대덕주류(주)대구,경상권,376200
33687,신흥기업(자),신흥기업(자),경상권,35790
33688,달성기업(주),달성기업(주),경상권,162330
33690,삼화산업(주),삼화산업(주),경상권,2091560
33691,미래유통체인(주),미래유통체인(주),경상권,1952990
33692,오성주류판매,오성주류판매,경상권,2125710
33695,경북주류판매(주),경북주류판매(주),경상권,309430
33696,대경주류(유),대경주류(유),경상권,246120
33697,경북유통(주),경북유통(주),경상권,954500
33698,부국(주),부국(주),경상권,254090
33699,대동상사(주),대동상사(주),경상권,357030
33701,대림주류유통,대림주류유통,경상권,3377880
33703,대흥주류대구,대흥주류대구,경상권,2775220
33704,삼익주류판매(주),삼익주류판매(주),경상권,1842800
33706,호담주류대구,호담주류대구(통합),경상권,3008150
33707,세계주류상사(주)대구,세계주류상사(주)대구,경상권,8684140
33708,한일주류판매㈜,한일주류판매㈜,경상권,541510
33709,대구주류판매㈜,대구주류판매㈜,경상권,339320
33710,대양체인본부(주),대양체인본부(주),경상권,2381940
33711,대경유통(주),대경유통(주),경상권,3460400
33712,한성상사대구,한성상사대구,경상권,556110
33713,에스엠주류대구,에스엠주류대구,경상권,4183910
33714,신영유통(주),신영유통(주),경상권,1807690
33715,대구현대화체인본부,대구현대화체인본부,경상권,4060210
33716,대구중서부수퍼마켓협동조합,대구중서부수퍼마켓협동조합,경상권,765360
33717,서부상사(주),서부상사(주),경상권,7920
33718,동양주류(주),동양주류(주)(통합),경상권,677330
33720,평화주류(주),평화주류(주),경상권,792540
33722,동부주류판매(주),동부주류판매(주),경상권,749650
33723,대명상사(주),대명상사(주),경상권,802180
33725,한진산업(자),한진산업(자)(통합),경상권,1101720
33727,대하주류판매(주),대하주류판매(주),경상권,143670
33728,한국주류(주),한국주류(주),경상권,383070
33729,북부주류판매(주),북부주류판매(주),경상권,428140
33730,대구동북부수퍼마켓협동조합,대구동북부수퍼마켓협동조합,경상권,151600
33732,대구백화점체인사업부,대구백화점체인사업부,경상권,5162530
33733,(유)대영주류,(유)대영주류,경상권,103070
33734,진성주류(주),진성주류(주),경상권,23760
33735,경상유통(주),경상유통(주),경상권,63360
33736,대인체인본부(주),대인체인본부(주),경상권,1825380
33737,대성주류포항,대성주류포항,경상권,6158980
33738,아성주류판매(유),아성주류판매(유),경상권,93680
33739,제일주류(합자),제일주류(합자),경상권,661290
33740,세중주류(유),세중주류(유),경상권,10960
33741,중앙체인구미,중앙체인구미,경상권,2657210
33742,화진주류유한회사,화진주류유한회사,경상권,99400
33743,해동상사(주) 구미,해동상사(주) 구미,경상권,7920
33745,경상현대화체인(주),경상현대화체인(주),경상권,963970
33746,대일상사(유),대일상사(유),경상권,327670
33747,김천주류상사(유),김천주류상사(유),경상권,63360
33748,금강기업(유),금강기업(유),경상권,208500
33749,나인종합주류(합),나인종합주류(합),경상권,428170
33750,동부주류(주),동부주류(주),경상권,66000
33751,안동주류판매(주),안동주류판매(주),경상권,1192860
33752,경일주류(주),경일주류(주),경상권,80520
33753,풍산주류(주),풍산주류(주),경상권,746130
33754,영양기업(자),영양기업(자),경상권,68640
33755,영광주류경북,영광주류경북,경상권,184180
33757,영화주류판매(주),영화주류판매(주),경상권,216710
33758,한빛종합주류(유),한빛종합주류(유),경상권,155440
33760,대동산업(주),대동산업(주),경상권,23760
33762,안풍산업(주),안풍산업(주),경상권,7920
33763,산동상사경북,산동상사경북,경상권,34420
33765,국제주류(주),국제주류(주),경상권,2667840
33766,삼풍기업(주) 포항,삼풍기업(주) 포항,경상권,1375590
33767,경일산업(주),경일산업(주),경상권,7920
33768,하나종합주류(유한),하나종합주류(유한),경상권,349380
33769,상주기업(유),상주기업(유),경상권,54370
33770,동서주류(자),동서주류(자),경상권,42240
33771,제일상사-칠곡,제일상사-칠곡,경상권,181190
33772,동일상사(유한),동일상사(유한),경상권,66000
33773,동창기업(주),동창기업(주),경상권,64830
33774,동구상사(유),동구상사(유),경상권,226170
33776,영남주류(주),영남주류(주),경상권,7920
33777,황재주류(주),황재주류(주)(통합),경상권,647240
33778,금호주류판매(주),금호주류판매(주),경상권,180440
33780,대하유통(주),대하유통(주),경상권,1077050
33782,창신(주)경북,창신(주)경북,경상권,157120
33784,포항시수퍼마켓협동조합,포항시수퍼마켓협동조합,경상권,1429210
33785,경주현대화체인,경주현대화체인,경상권,1994990
33786,한양기업 합자회사,한양기업 합자회사,경상권,87840
33787,(주)호성주류,(주)호성주류,경상권,371030
33788,대가(자),대가(자),경상권,329360
33789,영천주류판매(주),영천주류판매(주),경상권,29240
33790,동성체인(주),동성체인(주),경상권,64090
33791,봉화기업(명),봉화기업(명),경상권,73250
33793,대동유통(주),대동유통(주),경상권,1837700
33794,금성주류(합명),금성주류(합명),경상권,71580
33795,동림주류(명),동림주류(명),경상권,1376340
33796,대한유통주식회사,대한유통주식회사,경상권,182160
33797,세계주류(주)마산,세계주류(주)마산,경상권,3648930
33798,일신주류마산,일신주류마산,경상권,142040
33799,성광종합주류(유),성광종합주류(유),경상권,302960
33800,삼양주류마산,삼양주류마산,경상권,178320
33801,경남슈퍼체인(주),경남슈퍼체인(주),경상권,917240
33802,제일종합주류(유),제일종합주류(유),경상권,704060
33803,삼정상사(주),삼정상사(주),경상권,921290
33804,합자회사 동행종합주류,합자회사 동행종합주류,경상권,420580
33805,대림주류(합명),대림주류(합명),경상권,46800
33808,진산주류(주),진산주류(주),경상권,2740
33809,대양주류판매(주),대양주류판매(주),경상권,160070
33810,한마음주류(명),한마음주류(명),경상권,303470
33811,한국주류(유),한국주류(유),경상권,477570
33812,모아주류합자회사,모아주류합자회사,경상권,3118690
33813,진복주류판매상사(유),진복주류판매상사(유),경상권,643740
33814,덕신주류(유),덕신주류(유),경상권,1597760
33815,영남생협김해지점(합),영남생협김해지점(합),경상권,2607100
33816,동부상사(합),동부상사(합),경상권,7920
33818,에이스주류(유),에이스주류(유),경상권,192100
33819,영남생협연쇄점본부,영남생협연쇄점본부,경상권,5480
33820,(유)우리주류(진주),(유)우리주류(진주),경상권,1050020
33822,신용주류(주),신용주류(주),경상권,3924350
33824,(유)유창주류(창원),(유)유창주류(창원),경상권,135390
33825,(유)신일주류,(유)신일주류(통합),경상권,2326030
33826,회원(주),회원(주),경상권,218080
33828,가야연쇄점본부(자),가야연쇄점본부(자),경상권,484430
33829,경남거제수퍼마켓협동조합,경남거제수퍼마켓협동조합,경상권,470050
33830,제일주류(합자),제일주류(합자),경상권,184280
33831,삼일주류밀양,삼일주류밀양,경상권,1462150
33832,(유)우리주류(밀양),(유)우리주류(밀양),경상권,1707800
33833,경남주류판매(주),경남주류판매(주),경상권,172920
33834,금진종합주류상사(합),금진종합주류상사(합),경상권,201300
33836,대도상사(주),대도상사(주),경상권,105190
33837,대성종합주류(유),대성종합주류(유),경상권,376670
33838,동광주류(주),동광주류(주),경상권,700290
33839,진주주류판매(주),진주주류판매(주),경상권,41100
33840,영남주류(유),영남주류(유),경상권,255000
33841,창원주류판매(주),창원주류판매(주),경상권,168030
33842,대신주류판매상사(유),대신주류판매상사(유),경상권,743940
33843,명우상사(유),명우상사(유),경상권,493820
33844,동양체인(주),동양체인(주),경상권,1029400
33845,남도유통 주식회사,남도유통 주식회사,경상권,2714490
33846,삼일주류판매상사(명),삼일주류판매상사(명),경상권,116360
33848,부광주류판매,부광주류판매,경상권,7920
33849,거제주류판매상사(자),거제주류판매상사(자),경상권,471810
33851,옥포주류판매상사(자),옥포주류판매상사(자),경상권,2843500
33852,거제제일주판(자),거제제일주판(자),경상권,492480
33853,세일주류거제,세일주류거제,경상권,988350
33854,신진상사(자),신진상사(자),경상권,416940
33855,동양상사(합),동양상사(합),경상권,39600
33856,미래주류거제,미래주류거제,경상권,185610
33857,제일종합창원,제일종합창원,경상권,586240
33858,태평양주류마산,태평양주류마산,경상권,376740
33860,충무주류판매(주),충무주류판매(주),경상권,110880
33861,천년종합주류,천년종합주류,경상권,329710
33862,동하주류경남,동하주류경남,경상권,410810
33863,(주)현대유통,(주)현대유통,경상권,5232550
33865,왕건주류경남,왕건주류경남,경상권,318560
33866,(유)밀양상사,(유)밀양상사,경상권,1254370
33868,광신주류(주),광신주류(주) 클럽디(통합),경상권,64530
33869,한일상사(합),한일상사(합),경상권,481980
33870,일류상사(합자),일류상사(합자),경상권,626480
33871,한려주류판매(자),한려주류판매(자),경상권,104330
33872,국제주류(유),국제주류(유),경상권,690310
33874,보광주류판매(자) 전남,보광주류판매(자) 전남,전라권,511510
33875,덕성상사(유),덕성상사(유),전라권,88660
33876,우리주류 합명회사,우리주류 합명회사,전라권,44430
33877,히트주류상사(자),히트주류상사(자),전라권,21300
33878,한일상사전남,한일상사전남,전라권,345320
33879,합자회사 정석주류,합자회사 정석주류,전라권,528940
33881,신세계주류상사(유)전,신세계주류상사(유)전,전라권,443340
33882,목포주류판매(주),목포주류판매(주),전라권,321090
33883,남해상사(유),남해상사(유),전라권,175510
33885,청도주류상사(주),청도주류상사(주),전라권,529820
33886,신봉황(합자),신봉황(합자),전라권,107710
33887,거산주류(자),거산주류(자),전라권,118570
33889,미래주류(자),미래주류(자),전라권,271340
33890,팔마주류상사(자),팔마주류상사(자),전라권,329560
33891,하나주류주식회사,하나주류주식회사,전라권,317300
33892,대일주류(유),대일주류(유),전라권,5014230
33893,여수맥주판매상사(유),여수맥주판매상사(유),전라권,757020
33894,오대양주류상사(유),오대양주류상사(유),전라권,189020
33895,오복상사(자),오복상사(자),전라권,374400
33896,여수주류전남,여수주류전남,전라권,349690
33897,한려주류(유),한려주류(유),전라권,701180
33898,대한상사(유),대한상사(유),전라권,177780
33899,전남종합주류합명회사,전남종합주류합명회사,전라권,19880
33900,영진주류(유),영진주류(유),전라권,371100
33901,(합)국민종합주류,(합)국민종합주류,전라권,1360640
33902,황룡주류상사(유),황룡주류상사(유),전라권,434320
33903,한신주류(합자),한신주류(합자),전라권,19650
33904,제일주류(합),제일주류(합),전라권,421090
33905,화순주류합동(자),화순주류합동(자),전라권,200700
33906,남부유통유한회사,남부유통유한회사,전라권,115430
33907,신성주류(합자),신성주류(합자),전라권,874140
33908,금호주류전남,금호주류전남,전라권,360480
33909,대동주류합자회사,대동주류합자회사,전라권,180140
33910,삼산주류판매상사(유),삼산주류판매상사(유),전라권,39760
33911,전남동부슈퍼마켓협동조합,전남동부슈퍼마켓협동조합,전라권,1329980
33912,아시아주류상,아시아주류상,전라권,1369390
33913,현대상사(유),현대상사(유),전라권,288200
33914,전남서부수퍼마켓협동조합,전남서부수퍼마켓협동조합,전라권,2849900
33915,(유)흥진주류,(유)흥진주류,전라권,772550
33916,낭주상사(명),낭주상사(명),전라권,64040
33917,신세계순천,신세계순천,전라권,1916520
33919,순천주류판매(주),순천주류판매(주),전라권,26980
33920,동부주류(주),동부주류(주),전라권,26980
33922,대운주류(주),대운주류(주),전라권,567380
33923,소천주류 합자회사,소천주류 합자회사,전라권,286560
33925,호남제일주류(유),호남제일주류(유),전라권,104600
33926,곡성주류판매(명),곡성주류판매(명),전라권,777900
33928,합동주류(유),합동주류(유),전라권,179660
33929,상운주류(유),상운주류(유),전라권,62250
33930,(유)미항주류,(유)미항주류,전라권,676470
33931,영동주류 유한회사,영동주류 유한회사,전라권,226200
33932,공일구종합물류(주),공일구종합물류(주),전라권,514730
33933,영산주류(주),영산주류(주),전라권,143560
33934,마로현주류(자),마로현주류(자),전라권,222750
33935,한국주류합자회사,한국주류합자회사,전라권,539260
33937,천보상사여수,천보상사여수,전라권,82360
33938,중앙상사곡성,중앙상사곡성,전라권,32800
33939,대신주류보성,대신주류보성,전라권,433660
33940,진남주류상사(자),진남주류상사(자),전라권,862920
33942,한성종합주류 합자회사,한성종합주류 합자회사,전라권,131140
33944,진광상사(유),진광상사(유),전라권,255050
33945,창업주류합동상사(유),창업주류합동상사(유),전라권,1111810
33946,해동상사(주) 광주,해동상사(주) 광주,전라권,156910
33947,협심상사(자),협심상사(자),전라권,92760
33948,동서주류(합자),동서주류(합자),전라권,446730
33949,오비상사광주,오비상사광주,전라권,279620
33950,호남상사(주),호남상사(주),전라권,217190
33951,광주상사(자),광주상사(자),전라권,116230
33952,우진주류(주),우진주류(주),전라권,4872690
33953,광주생필체인(주),광주생필체인(주),전라권,60500
33954,광주맥주판매(주),광주맥주판매(주),전라권,1523140
33955,가든주류(유),가든주류(유),전라권,2272570
33956,(유)한국종합주류,(유)한국종합주류,전라권,147880
33957,(주)부성상사,(주)부성상사,전라권,242900
33958,무등상사(주),무등상사(주),전라권,148460
33959,금광상사(자),금광상사(자),전라권,121990
33960,청수주류상사(주),청수주류상사(주),전라권,186220
33961,동양상사(자)광주,동양상사(자)광주,전라권,94780
33962,대광(주),대광(주),전라권,24140
33963,광산주류판매상사(자),광산주류판매상사(자),전라권,150940
33964,신우주류광주,신우주류광주,전라권,76610
33965,광일종합광산,광일종합광산,전라권,515210
33966,강남종합주류 주식회사,강남종합주류 주식회사,전라권,2774395
33967,국진상사(자),국진상사(자),전라권,141890
33969,고창주류(유),고창주류(유),전라권,11522005
33970,오케이주류(유),오케이주류(유),전라권,756530
33971,현대주류(유),현대주류(유),전라권,309350
33972,군산주류(주),군산주류(주),전라권,43010
33973,조일주류상사(유),조일주류상사(유),전라권,155030
33974,군장종합주류(유),군장종합주류(유),전라권,196300
33975,제일주류판매(주),제일주류판매(주),전라권,1686300
33976,유한회사 길미주류,유한회사 길미주류,전라권,160620
33977,신진종합전북,신진종합전북,전라권,377060
33978,영진주류판매(유),영진주류판매(유),전라권,27920
33979,오성주류 유한회사,오성주류 유한회사,전라권,1458140
33980,근양주류상사(유),근양주류상사(유),전라권,36920
33981,번영주류(유),번영주류(유),전라권,42600
33982,합동(주),합동(주),전라권,123490
33983,천마주류상사(유),천마주류상사(유),전라권,439610
33984,전주양주합동상사(유),전주양주합동상사(유),전라권,8520
33987,(유)디오니,(유)디오니(통합),전라권,10317145
33989,전주유통(주),전주유통(주),전라권,164150
33990,한국주류상사(유),한국주류상사(유),전라권,72420
33991,동아상사(유),동아상사(유),전라권,467130
33992,샘물주류전주,샘물주류전주,전라권,333180
33993,한솔체인전주,한솔체인전주,전라권,894640
33994,신일상사(유),신일상사(유),전라권,149900
33995,성원상사전북,성원상사전북,전라권,43840
33996,백화양주상사유한회사,백화양주상사유한회사,전라권,620800
33997,서해주류(주),서해주류(주),전라권,381120
33998,종합주류(유),종합주류(유),전라권,35500
33999,부안주류(자),부안주류(자),전라권,468650
34000,전북익산수퍼마켓사업,전북익산수퍼마켓사업,전라권,2467070
34001,전주상사(유),전주상사(유),전라권,266050
34002,동양상사(유),동양상사(유),전라권,324750
34003,주류통합공사(유),주류통합공사(유),전라권,1420
34004,동보종합주류상사(유),동보종합주류상사(유),전라권,162150
34005,마한주류상사(유),마한주류상사(유),전라권,368210
34006,무진상사(유),무진상사(유),전라권,99860
34007,변산주류전북,변산주류전북,전라권,287050
34008,승화주류상사(유),승화주류상사(유),전라권,320430
34009,전북완주수퍼마켓사업협동조합,전북완주수퍼마켓사업협동조합,전라권,14200
34010,정일주류(유),정일주류(유),전라권,12780
34011,조은주류(유),조은주류(유),전라권,4260
34012,정읍주류판매(주),정읍주류판매(주),전라권,21300
34013,전북군산수퍼마켓협동조합,전북군산수퍼마켓협동조합,전라권,538910
34014,신정주류익산,신정주류익산,전라권,128950
34015,통합상사무주,통합상사무주,전라권,4260
34017,익산주류상사(유),익산주류상사(유),전라권,39760
34018,제이비종합주류(전북),제이비종합주류(전북),전라권,3437950
34019,남원제이주류판매 합자회사,남원제이주류판매 합자회사,전라권,24140
34020,백제주류전북,백제주류전북,전라권,38340
34021,대광상사(유),대광상사(유),전라권,367680
34022,협신상사(주),협신상사(주),전라권,44640
34023,우리주류(유),우리주류(유),전라권,532870
34024,제일주류주식회사제주,제일주류주식회사제주,제주권,9418750
34025,세계물산주식회사,세계물산주식회사,제주권,21175000
34026,우일상사(유),우일상사(유),제주권,1120000
34027,영주물산(주),영주물산(주),제주권,767500
34028,제주물산(유),제주물산(유),제주권,135000
34030,삼정물산제주,삼정물산제주,제주권,7371250
34031,영진(주),영진(주),제주권,535000
34032,신흥물산(유),신흥물산(유),제주권,1060000
34033,동천(주),동천(주),제주권,11277500
34034,세광(주),세광(주),제주권,547500
34035,하나(주),하나(주),제주권,277500
34036,제주도슈퍼마켓협동조,제주도슈퍼마켓협동조,제주권,972500
34038,화림물산(유),화림물산(유),제주권,767500
34039,대안물산(주),대안물산(주),제주권,490000
34040,벽상주류㈜,벽상주류㈜,제주권,2148750
34041,경민유통(주),경민유통(주),제주권,135000
34042,우주물산(주),우주물산(주),제주권,825000
34044,개화물산(유),개화물산(유),제주권,15000
34045,일신물산제주,일신물산제주,제주권,145000
34046,노나(주),노나(주),제주권,695000
34048,제주근대화체인(주),제주근대화체인(주),제주권,582500
34049,남양체인(주),남양체인(주),제주권,887500
34050,경희 주식회사,경희 주식회사,제주권,980000
34051,조일상사(유),조일상사(유),제주권,45000
34052,(주)한국생필체인,(주)한국생필체인,수도권,659730
34054,취성유통주식회사,취성유통주식회사,수도권,306250
34057,라인상사(주),라인상사(주),수도권,2789810
34058,우리와인,우리와인,수도권,198000
34059,거원유통(주),거원유통(주),수도권,12995420
34061,아그래(주),아그래(주),수도권,33930
34070,새생활체인(주),새생활체인(주),수도권,732045
34072,이전유통(주),이전유통(주),수도권,1160400
34073,유송체인(주),유송체인(주),수도권,3958890
34074,부천시수퍼마켓,부천시수퍼마켓,수도권,529670
34075,경기남부슈퍼마켓협동,경기남부슈퍼마켓협동,수도권,1751140
34077,(주)경기현대화유통,(주)경기현대화유통,수도권,1302450
34078,양지유통체인(주),양지유통체인(주),수도권,1649270
34079,안산시슈퍼마켓협동조합,안산시슈퍼마켓협동조합,수도권,651580
34084,경기남부유통(주),경기남부유통(주),수도권,3924560
34087,(주)서울중앙체인본부,(주)서울중앙체인본부,수도권,2280930
34089,(주)남은상사,(주)남은상사,수도권,1121860
34092,(주)동원체인,(주)동원체인,수도권,538630
34093,경북안동수퍼마켓조합,경북안동수퍼마켓조합,경상권,74230
34097,우리에프앤비(주),우리에프앤비(주),수도권,883520
34098,대성유통(주),대성유통(주),수도권,4908350
34103,울산슈퍼마켓협동조합,울산슈퍼마켓협동조합,경상권,2872395
34104,(주)훈성유통,(주)훈성유통,수도권,1343585
34105,(주)체인팝,(주)체인팝,수도권,4162320
34106,(주)서울체인,(주)서울체인,수도권,1046050
34107,(주)케이에스유통,(주)케이에스유통,수도권,1571520
34108,주식회사 에스엠바로코사경인,주식회사 에스엠바로코사경인,수도권,1025320
34109,(주)영진체인본부,(주)영진체인본부,수도권,2353570
34110,인천시슈퍼마켓협동,인천시슈퍼마켓협동,수도권,1463070
34111,청남㈜인천,청남㈜인천,수도권,1507380
34112,(주)대창연쇄점,(주)대창연쇄점,수도권,901690
34114,한국아이지에이 광주지점(주),한국아이지에이 광주지점(주),수도권,358700
34117,중앙체인 주식회사,중앙체인 주식회사,충청권,2078470
34118,근대화체인(주),근대화체인(주),충청권,1900670
34119,한밭연쇄점(주)대전,한밭연쇄점(주)대전,충청권,3473110
34120,(주)대전중앙체인,(주)대전중앙체인,충청권,2197560
34121,대한체인청주,대한체인청주,충청권,323290
34124,충북충주수퍼,충북충주수퍼,충청권,1419470
34125,새여수수퍼체인본부,새여수수퍼체인본부,전라권,324250
34126,만국체인(주),만국체인(주),전라권,3953370
34127,광주광역시슈퍼마켓,광주광역시슈퍼마켓,전라권,3826850
34130,신우유통대구지점(주),신우유통대구지점(주),경상권,48518200
34131,화림물산(유),화림물산(유),제주권,10467500
34132,광주맥주판매(주),광주맥주판매(주),전라권,1964910
34142,(주)새시대체인-춘천,(주)새시대체인-춘천,강원권,8021265
34144,미래유통(유),미래유통(유),전라권,2266960
34194,세븐세종상온,세븐세종상온,충청권,6681900
34195,세븐서이천(주),세븐서이천(주),수도권,7666380
34237,하이네켄코리아(주),하이네켄코리아(주),수도권,621930
34238,하이네켄대전,하이네켄대전,충청권,238300
34239,하이네켄부산,하이네켄부산,경상권,399560
34240,하이네켄대구,하이네켄대구,경상권,603340
34241,하이네켄광주,하이네켄광주,전라권,185060
34242,하이네켄제주,하이네켄제주,제주권,2500
34271,라온(유),라온(유),수도권,2310650
34283,아시아주류 합명회사,아시아주류 합명회사,경상권,7920
34284,보성주류㈜,보성주류㈜,경상권,996930
34413,강일주류(유),강일주류(유),수도권,13050
34414,세화상사(유),세화상사(유),수도권,84060
34415,명성상사 유한회사,명성상사 유한회사,수도권,44490
34416,삼성주류(주),삼성주류(주),수도권,35280
34417,서부상사(주),서부상사(주),수도권,210030
34418,한양주류합동(유한),한양주류합동(유한),강원권,587665
34419,호반주류(자),호반주류(자),강원권,92310
34420,대동주류(자),대동주류(자),강원권,251280
34421,신진논산,신진논산,충청권,108190
34422,대양물산(주),대양물산(주),충청권,150600
34423,복성주류울산,복성주류울산,경상권,2689970
34424,동평주류합자회사,동평주류합자회사,경상권,71820
34425,남송주류울산,남송주류울산,경상권,23760
34426,두성주류(주),두성주류(주),경상권,1379340
34427,동하주류(주),동하주류(주),경상권,21620
34428,백산유통(주),백산유통(주),경상권,79200
34429,대양유통(유),대양유통(유),경상권,413550
34430,금성주류진주,금성주류진주,경상권,87270
34431,창신주류(유),창신주류(유),경상권,310010
34432,대성주류판매(주),대성주류판매(주),경상권,363130
34433,경성주류(유),경성주류(유),경상권,381530
34434,성실상사(명),성실상사(명),전라권,22720
34435,강진주류전남,강진주류전남,전라권,86390
34436,샘물종합주류(유),샘물종합주류(유),전라권,188920
34437,덕성물산유한회사,덕성물산유한회사,제주권,135000
34443,부여군주류합동(명),부여군주류합동(명),충청권,23600
34444,신한주류 유한회사,신한주류 유한회사,충청권,21960
34445,백제주류합동(명),백제주류합동(명),충청권,82460
34446,창성(주),창성(주),충청권,270400
34607,산호주류(주),산호주류(주),수도권,191220
34612,진부주류평창,진부주류평창,강원권,20400
34613,대진상사(자),대진상사(자),강원권,33300
34614,홍담종합영월,홍담종합영월,강원권,225510
34643,임실제일주류(유),임실제일주류(유),전라권,14200
34658,장수주류(자),장수주류(자),경상권,31680
34724,일오종합파주,일오종합파주,수도권,7121385
34727,(유) 한일주류판매상사,(유) 한일주류판매상사,경상권,1746530
34741,까치상사(합자),까치상사(합자),경상권,14770
34752,강릉주류판매㈜,강릉주류판매㈜,강원권,590030
34754,신세계주류울산,신세계주류울산,경상권,246600
34764,진천주류충북,진천주류충북,충청권,86040
34766,서광주류합동 합자회사,서광주류합동 합자회사,충청권,255260
34804,극동연쇄목천,극동연쇄목천,수도권,11095340
34817,대양상사㈜,대양상사㈜,경상권,26400
34818,옥주주류상사(유),옥주주류상사(유),전라권,74730
34819,진로주류상사(자),진로주류상사(자),전라권,78660
34841,태양종합주류 유한회사,태양종합주류 유한회사,수도권,235040
34845,고양시수퍼마켓협동조,고양시수퍼마켓협동조,수도권,376460
34853,대한상사(유),대한상사(유),수도권,127380
34854,안동중앙주류,안동중앙주류,경상권,15480
34855,문성상사(유),문성상사(유),전라권,105520
34948,합자회사 건주류,합자회사 건주류,경상권,253260
34957,삼우상사(유),삼우상사(유),전라권,10880
34980,(주)티웨이항공,(주)티웨이항공,수도권,138000
34992,가람주류(유),가람주류(유),경상권,21120
35034,제일주류옥천,제일주류옥천,충청권,1266105
35043,월드주류(유),월드주류(유),전라권,380000
35046,대도연쇄남양,대도연쇄남양,수도권,1326170
35076,옥천주류(유),옥천주류(유),수도권,93300
35077,용문상사(자),용문상사(자),수도권,128010
35082,(유)해일주류(전남),(유)해일주류(전남),전라권,44020
35083,협동상사(유),협동상사(유),전라권,39760
35111,성광주류(자),성광주류(자),경상권,97680
35112,보은주류합동(자),보은주류합동(자),충청권,2300550
35139,황산종합주류,황산종합주류,충청권,36240
35140,경기북부수퍼마켓협동조합,경기북부수퍼마켓협동조합,수도권,300610
35141,주식회사 남부주류,주식회사 남부주류,경상권,1148040
35142,하동주류판매상사(명),하동주류판매상사(명),경상권,137370
35173,한성주류㈜,한성주류㈜,수도권,65270
35202,마산주류창원,마산주류창원,경상권,24060
35271,신흥주류진주,신흥주류진주,경상권,86950
35282,선일종합주류,선일종합주류,강원권,722380
35287,영광판매영광,영광판매영광,전라권,32660
35288,대방주류남원,대방주류남원,전라권,31830
35298,영동주류영동,영동주류영동,충청권,18000
35310,강민상사(합),강민상사(합),경상권,288660
35326,금산주류판매(명),금산주류판매(명),경상권,16140
35382,해남제일주류합동판매(자),해남제일주류합동판매(자),전라권,7100
35416,해남주류옥천,해남주류옥천,전라권,24760
35446,주식회사 국제주류,주식회사 국제주류,경상권,184090
35450,금상종합주류㈜,금상종합주류㈜,경상권,186650
35483,백승상사 주식회사,백승상사 주식회사,수도권,1148080
35509,대진주류㈜남양주,대진주류㈜남양주,수도권,2496360
35535,옥당주류영광,옥당주류영광,전라권,190420
35536,그린유한제주,그린유한제주,제주권,922500
35564,대백㈜,대백㈜,경상권,12030
35622,삼화주류인천,삼화주류인천,수도권,212020
35639,마창주류판매상사(유),마창주류판매상사(유),경상권,163620
35660,김포종합운양,김포종합운양,수도권,30240
35673,프라임주류 주식회사,프라임주류 주식회사,수도권,137400
35682,디와이유통체인 주식회사,디와이유통체인 주식회사,경상권,9490360
35683,우리종합성남,우리종합성남,수도권,1508050
35767,원수입주류 합자회사,원수입주류 합자회사,경상권,5007060
35800,세종실업 주식회사,세종실업 주식회사,수도권,829090
35801,케이엘유통 주식회사,케이엘유통 주식회사,수도권,734750
35804,미래주류 주식회사,미래주류 주식회사,수도권,182400
35826,동부주류 주식회사,동부주류 주식회사,수도권,4169590
35842,대상주류구미,대상주류구미,경상권,143060
35876,대두주류보령,대두주류보령,충청권,55300
35920,진연사홍천,진연사홍천,강원권,121980
35957,신진상사창원,신진상사창원,경상권,142560
35964,인천상사부평,인천상사부평,수도권,7830
35976,동부주류판매상사(자),동부주류판매상사(자),경상권,121840
36002,영덕주류영덕,영덕주류영덕,경상권,1330090
36044,대산주류㈜,대산주류㈜,수도권,142100
36088,유한회사 대한종합주류,유한회사 대한종합주류,경상권,561660
36194,제원물산제주,제원물산제주,제주권,60000
36205,청마주류인천,청마주류인천,수도권,148160
36219,화천주류강원,화천주류강원,강원권,24480
36270,대광상사동해,대광상사동해,강원권,30600
36328,대원상사(자),대원상사(자),경상권,30610
36334,바로물류안산,바로물류안산,수도권,728125
36355,금강주류판매(자),금강주류판매(자),전라권,20500
36367,동풍종합동해,동풍종합동해,강원권,174480
36393,백산주류(유),백산주류(유)_클럽(통합),전라권,149660
36397,순광주류광양,순광주류광양,전라권,132060
36479,대한주류대구,대한주류대구,경상권,58580
36492,담양주류전남,담양주류전남,전라권,79340
36580,원천인천공항(오전8시),원천씨제이(오전8시)(통합),수도권,2894170
36599,신화주류강원,신화주류강원,강원권,10860
36627,만화상사(유),만화상사(유),경상권,5480
36630,성일주류(유),성일주류(유),수도권,381160
36634,대덕상사예산,대덕상사예산,충청권,152780
36667,세계종합완주,세계종합완주,전라권,13400
36669,양양합동강원,양양합동강원,강원권,65160
36671,유한회사 봄내주류,유한회사 봄내주류,강원권,37350
36672,인합종합주류 유한회사,인합종합주류 유한회사,수도권,108180
36712,대찬주류포천,대찬주류포천,수도권,38850
36713,백운상사인천,백운상사인천,수도권,577200
36733,광양연합주류상사,광양연합주류상사,전라권,250650
36751,고성주류판매상사㈜,고성주류판매상사㈜,경상권,413400
36773,화산세계주류,화산세계주류주식회사_브루락(통합),경상권,1239760
36787,원천씨제이(오전8시),원천씨제이(오전8시)(통합),수도권,8278660
37216,두산상사GOLF,두산상사(주)(통합),경상권,63600
37228,현대종합구미,현대종합구미,경상권,175140
37233,대성물산㈜,대성물산㈜,제주권,1840000
37236,호남상사김제,호남상사김제,전라권,59750
37276,전북남원수퍼마켓협동조합,전북남원수퍼마켓협동조합,전라권,549420
37278,동도주류판매㈜,동도주류판매㈜,경상권,152210
37279,영일만상사(자),영일만상사(자),경상권,222020
37285,경일주류판매㈜,경일주류판매㈜,경상권,256010
37295,전주종합주류 유한회사,전주종합주류 유한회사,전라권,17040
37303,동남주류(유),동남주류(유),전라권,48280
37316,영동상사(자),영동상사(자),강원권,59580
37347,대명주류상사㈜,대명주류상사(유)_한림용인cc(통합),수도권,119800
37518,동아주류사천,동아주류사천,경상권,117480
37524,서림주류상사(유),서림주류상사(유),충청권,36600
37583,설악주류,설악주류,강원권,112800
37601,대신주류㈜,대신주류㈜,수도권,123180
37604,하나체인본부㈜,하나체인본부㈜,충청권,1761170
37609,삼성주류㈜ 강원,삼성주류㈜ 강원,강원권,835340
37617,해동주류상사(유) 고창,해동주류상사(유) 고창,전라권,21300
37656,현대주류판매상사(명),현대주류판매상사(명),경상권,101080
37904,호연주류 주식회사,호연주류 주식회사,수도권,31920
38029,창원수퍼마켓사업협동조합,창원수퍼마켓사업협동조합,경상권,3245730
38099,제일주류강릉,제일주류강릉,강원권,65280
38139,삼화상사충남,삼화상사충남,충청권,160320
38167,두손주류㈜,두손주류㈜(통합),수도권,1357580
38187,동양종합부산,동양종합부산,경상권,1159930
38204,강원주류양구,강원주류양구,강원권,27180
38209,삼성상사(합자),삼성상사(합자),경상권,68220
38210,금오주류(합),금오주류(합),경상권,797680
38925,부산서부슈퍼마켓협동조합,부산서부슈퍼마켓협동조합,경상권,694570
38947,다함주류(유),다함주류(유)(통합),수도권,1232610
39030,하늘종합주류㈜,하늘종합주류㈜,수도권,126660
39033,계림주류판매,계림주류판매,경상권,1346830
39066,진도주류상사(유),진도주류상사(유),전라권,540840
39074,모아주류판매(주),모아주류판매(주),강원권,131220
39081,충북제천수퍼마켓협동조합,충북제천수퍼마켓협동조합,충청권,504590
39093,설악상사(인제),설악상사(인제),강원권,8160
39098,서천주류상사(합),서천주류상사(합),충청권,3660
39099,진해주류판매상사(유),진해주류판매상사(유),경상권,683900
39101,심도 주식회사,심도 주식회사,수도권,1055780
39141,대양주류포항,대양주류포항,경상권,57010
39150,무봉주류용인,무봉주류용인,수도권,131890
39157,경남주류진주,경남주류진주,경상권,58330
39203,주미성주류 유한회사,주미성주류 유한회사,수도권,165800
39219,무한종합주류상사,무한종합주류상사,충청권,173340
39253,청송기업 합자회사,청송기업 합자회사,경상권,149760
39587,성아종합주류(유),성아종합주류(유),수도권,52140
39639,문암상사전남,문암상사전남,전라권,114260
39646,(주)새시대체인강릉,(주)새시대체인강릉,강원권,775370
39783,논산주류합동,논산주류합동,충청권,18300
39835,대광주류보은,대광주류보은,충청권,142160
39846,흥창기업북가좌,흥창기업북가좌,수도권,151770
4001,(주)대흥,(주)대흥,수도권,71670
5510079,파라다이스호텔 부산,파라다이스호텔 부산,경상권,1370
7310336,인천그랜드C.C,인천그랜드C.C,수도권,118430
7310344,안성원체스트,안성원체스트,수도권,1740
7310558,강원랜드㈜,강원랜드㈜,강원권,4080
7310576,대명비발디 소노펠리체,대명비발디 소노펠리체,강원권,80000
7310608,변산리조트 굿앤굿스,변산리조트 굿앤굿스,전라권,4260
7310609,테르메덴(이천),테르메덴(이천),수도권,124805
7310623,스노우가든,스노우가든,강원권,4080
7310769,Gs super 김포사우점,Gs super 김포사우점,수도권,19050
7310796,더 플레이스 다이닝,더 플레이스 다이닝,수도권,66230
7310817,㈜더엠 커뮤니케이션즈,㈜더엠 커뮤니케이션즈,수도권,1740
7310842,KCTC TPL 영업부,KCTC TPL 영업부,수도권,6960
7310950,까사32,까사32,수도권,4350
7311199,하남)아쿠아필드,하남)아쿠아필드,수도권,6720
7311402,인터비즈,인터비즈,수도권,313785
7311537,아난티펜트하우스,아난티펜트하우스,수도권,4350
7311544,개인창고 (박건영),개인창고 (박건영),강원권,659430
7311549,발리오스cc,발리오스cc,수도권,8400
7311556,에덴파라다이스호텔,에덴파라다이스호텔,수도권,3480
7311567,더엠커뮤니케이션즈,더엠커뮤니케이션즈,경상권,2052650
7311573,제이바웃,제이바웃,수도권,18750
7311629,골프존 카운티 울주,골프존 카운티 울주,경상권,34790
7311631,코오롱 씨클라우드호텔,코오롱 씨클라우드호텔,경상권,1370
7311641,인디레인(본사),인디레인(본사),수도권,6750
7311642,인디레인(공장),인디레인(공장),수도권,1769760
7311643,P&A(본사),P&A(본사),수도권,2610
7311651,아르떼리조트사천,아르떼리조트사천,경상권,21920
7311656,한화리조트 거제 벨버디어,한화리조트 거제 벨버디어,경상권,5480
7311657,아델라호텔(영도),아델라호텔(영도),경상권,2740
7311658,신라스테이 해운대,신라스테이 해운대,경상권,18480
7311663,인천유나이티드,인천유나이티드,수도권,251850
7311664,아난티코브부산,아난티코브부산,경상권,15070
7311665,힐튼부산호텔,힐튼부산호텔,경상권,58510
7311672,무노스홀딩스(고령지점),무노스홀딩스(고령지점),경상권,27100
7311673,(주)엠오디,(주)엠오디,경상권,48580
7311692,건도리,건도리,강원권,24450
7311701,양지파인 글램핑,양지파인 글램핑,수도권,4350
7311705,비바체리조트 (주)리아타운,비바체리조트 (주)리아타운,경상권,2740
7311752,소노팻클럽앤리조트,소노팻클럽앤리조트,강원권,72200
7311761,EG&IO,EG&IO,수도권,8430
7311762,대흥,대흥,수도권,2433030
7311764,인서울27,인서울27,수도권,47550
7311783,EG&IO 물류센터,EG&IO 물류센터,수도권,179670
7311797,EG&IO 대전물류센터,EG&IO 대전물류센터,충청권,149160
7311814,더엠 광주 창고,더엠 광주 창고,전라권,750150
7311842,대인인더스트리,대인인더스트리,수도권,540780
7311846,호텔 수성,호텔 수성,경상권,18880
7311878,경주월드(아메리카나),경주월드(아메리카나),경상권,101840
7311879,경주월드(수제왕꼬치),경주월드(수제왕꼬치),경상권,24660
7311887,비엠미디어,비엠미디어,수도권,444360
7311929,엘림마리나앤리조트,엘림마리나앤리조트,경상권,4110
7311935,페어필드바이메리어트(송도),페어필드바이메리어트(송도),경상권,2740
7311936,베스트웨스턴플러스(송도),베스트웨스턴플러스(송도),경상권,8220
7311940,베스트웨스턴플러스 감포,베스트웨스턴플러스 감포,경상권,802740
7311944,인터불고 엑스코,인터불고 엑스코,경상권,9240
7311951,세인관세법인 서울,세인관세법인 서울,수도권,18840
7311952,세인관세법인 인천,세인관세법인 인천,수도권,8700
7311967,KCTC 여주센터,KCTC 여주센터,수도권,2557710
7311981,포항스틸러스,포항스틸러스,경상권,2740
7311986,CJ택배 (성북월곡집배점),CJ택배 (성북월곡집배점),수도권,1650450
7311988,유탑마리나호텔여수,유탑마리나호텔여수,전라권,48680
7311991,스탠포드호텔,스탠포드호텔,경상권,10560
7312000,주식회사 에이치제이매그놀리아용평디오션호텔앤리조트,주식회사 에이치제이매그놀리아용평디오션호텔앤리조트,전라권,12780
7312007,(주) 한어울 통영한산마리나호텔,(주) 한어울 통영한산마리나호텔,경상권,8220
7312021,가평1등 수상레져,가평1등 수상레져,강원권,12900
7312022,산울로수상레져,산울로수상레져,수도권,12810
7312023,주식회사 창원스파랜드,주식회사 창원스파랜드,경상권,27400
7312028,김해 롯데워터파크,김해 롯데워터파크,경상권,14770
7312030,포르투나 호텔,포르투나 호텔,경상권,9240
7312036,호텔 포레 더 스파,호텔 포레 더 스파,경상권,16140
7312037,비체펠리스(보령),비체펠리스(보령),충청권,2440
7312043,윈덤 그랜드 송도,윈덤 그랜드 송도,수도권,6720
7312061,빌라쥬드아난티,빌라쥬드아난티,경상권,24260
7312093,L7 해운대,L7 해운대,경상권,18900
7312094,현대아울렛 대전점,현대아울렛 대전점,충청권,35700
7312096,클럽디오아시스,클럽디오아시스,경상권,63400
7312099,이비스호텔(수원),이비스호텔(수원),수도권,15120
7312106,남산타워(엔버거),남산타워(엔버거),수도권,289610
7312115,에어로케이항공㈜,에어로케이항공㈜,수도권,90000
7312121,소세지하우스(상암),소세지하우스(상암),수도권,18310
7312124,마이테이스트,마이테이스트,강원권,8160
7312125,ALSM MD 천안 창고,ALSM MD 천안 창고,충청권,172990
7312130,당항포 고성엑스포,당항포 고성엑스포,경상권,8220
7312132,FC안양,FC안양,수도권,429650
7312133,인터네셔널 호텔,인터네셔널 호텔,경상권,27120
7312134,이팝리조트,이팝리조트,강원권,10200
7312136,아델라한옥(양평),아델라한옥(양평),수도권,18750
7312137,PNA 용인 물류창고,PNA 용인 물류창고,수도권,225000
7312138,춘천)황금박쥐캠핑장,춘천)황금박쥐캠핑장,강원권,22180
7312139,붓다,붓다,강원권,12240
7312140,홍천)가든파인,홍천)가든파인,강원권,34960
7312141,춘천)더잭슨나인스호텔,춘천)더잭슨나인스호텔,강원권,18100
7312142,마레몬스호,마레몬스호,강원권,29700
7312143,회식의달인(속초),회식의달인(속초),강원권,14480
7312146,가평)캠프통포레스트,가평)캠프통포레스트,수도권,421960
7312149,춘천)수상레저V,춘천)수상레저V,강원권,18100
7312150,가평)클로버리조트,가평)클로버리조트,수도권,1740
7312151,한화리조트 대천파로스,한화리조트 대천파로스,충청권,25130
7312155,소노캄(고양),소노캄(고양),수도권,54400
7312156,(주)서한사,(주)서한사,수도권,66840
7312157,춘천)모토모토,춘천)모토모토,강원권,18100
7312159,오션블리스,오션블리스,경상권,10660
7312161,히든베이호텔(여수),히든베이호텔(여수),전라권,4260
7312162,시티호텔강릉,시티호텔강릉,강원권,16750
7312163,JD리조트(양양),JD리조트(양양),강원권,2040
7312164,울산 현대바이 라한 호텔,울산 현대바이 라한 호텔,경상권,13700
7312165,모닝펍(여의도),모닝펍(여의도),수도권,68820
7312166,마산 로봇랜드,마산 로봇랜드,경상권,10960
7312167,엔포드 호텔,엔포드 호텔,충청권,7320
7312168,가평)GS칼텍스인재개발원,가평)GS칼텍스인재개발원,수도권,36230
7312169,대한항공라운지(제2여객터미널),대한항공라운지(제2여객터미널),수도권,42000
7312171,본가대성집,본가대성집,강원권,10200
7312172,비케이라운지,비케이라운지,강원권,26720
7312173,시그니엘 부산,시그니엘 부산,경상권,1370
7312174,증비치,증비치,강원권,10200
7312175,(주)아모제푸드,(주)아모제푸드,수도권,870
7312176,루프탑 서아진,루프탑 서아진,수도권,667720
7312178,쏠비치 남해,쏠비치 남해,경상권,13200
7312182,노보텔앰배서더호텔(수원),노보텔앰배서더호텔(수원),수도권,13440
7312183,(주)게르츠코리아,(주)게르츠코리아,수도권,113570
7312184,해운대비치 레스트필드,해운대비치 레스트필드,경상권,57600
7312186,홈마리나,홈마리나,강원권,14710
7312189,(주)아모제푸드(제1여객터미널),(주)아모제푸드(제1여객터미널),수도권,9020
7312192,자은도 씨원리조트(신안),자은도 씨원리조트(신안),전라권,34840
7312197,스파 해수랑,스파 해수랑,경상권,6850
7312215,가평)이지수상레저,가평)이지수상레저,수도권,4350
7312216,용인)멜팅소울,용인)멜팅소울,수도권,4350
7312221,동해골뱅이(동여의도),동해골뱅이(동여의도),수도권,20750
7312224,에이치제이푸드,에이치제이푸드,전라권,5680
7312225,곤지암리조트 느티나무 바베큐,곤지암리조트 느티나무 바베큐,수도권,5880
80011,뉴월드제주,뉴월드제주,제주권,7795000
80126,신양상사사천,신양상사사천,경상권,100980
80127,경성주류대구,경성주류대구,경상권,1390420
80162,현대주류판매포항,현대주류판매포항,경상권,270140
80200,에이리커컴퍼니대구,에이리커컴퍼니대구(통합),경상권,2756480
80280,대성주류신안,대성주류신안,전라권,515090
80291,동남㈜부산CC,(주)동남(통합),경상권,38060
80304,우성상사전남,우성상사전남,전라권,25560
80323,우리종합주류강원,우리종합주류강원,강원권,120010
80372,동광주류판매(주),동광주류판매(주),수도권,106780
80453,주식회사 창신주류,주식회사 창신주류,수도권,337120
80468,이스타항공(주)인천,이스타항공(주)인천,수도권,96000
80475,주당(주),주당(주),수도권,146720
80497,삼원주류판매(명),삼원주류판매(명),강원권,139370
80498,제일실업(자),제일실업(자),경상권,130780
80579,중앙주류(유),중앙주류(유),충청권,81610
80590,합동상사문경,합동상사문경,경상권,7920
80693,세화주류창원,세화주류창원,경상권,3255120
80742,선진주류가정,선진주류가정,수도권,150560
80786,대하상사(자),대하상사(자),경상권,58080
80799,생필체인서원,생필체인서원,경상권,13200
80931,나인주류금정,나인주류금정,경상권,612840
80932,삼척주류판매,삼척주류판매,강원권,107280
80943,전북전주수퍼마켓협동NEW,전북전주수퍼마켓협동NEW,전라권,1677660
80970,삼진(주)텍사스거리,(주)삼진(통합),경상권,2775300
80983,종일상사(유)유흥,종일상사(유)유흥,수도권,7830
81233,케이엠에스,케이엠에스,경상권,14570
81337,케이주류(주),케이주류(주),수도권,369680
81346,생필체인(주)수퍼,생필체인(주)수퍼,경상권,3056080
81385,경주주류판매,경주주류판매,경상권,227050
81454,삼원상사(유),삼원상사(유),전라권,120300
81584,한빛종합주류,한빛종합주류,전라권,246800
81588,(유)보성주류상사(상주),(유)보성주류상사(상주),경상권,120000
81621,(유)신합상사(오전배송),(유)신합상사(오전배송)(통합),수도권,1610360
81651,(유)유일종합주류,(유)유일종합주류,수도권,41290
81671,대진슈퍼체인,대진슈퍼체인,수도권,4478240
81695,(합)봉평주류합동,(합)봉평주류합동,강원권,187850
81729,합자회사동해종합주류,합자회사동해종합주류,경상권,99520
81731,서광주류(자),서광주류(자),수도권,674440
81748,코레일 유통 주식회사,코레일 유통 주식회사,수도권,18040
81830,퀀텀리커 주식회사,퀀텀리커 주식회사,수도권,73194210
81835,{합자)남해주류판매 대구,{합자)남해주류판매 대구,경상권,178060
81856,(주)아성주류상사CJ,(주)아성주류상사CJ,충청권,1141050
81873,(합)청도코리아,(합)청도코리아,수도권,785590
81874,주식회사 미소주류,주식회사 미소주류,수도권,1265285
81877,주식회사 판다주류,주식회사 판다주류,수도권,1488630
81891,(주)성학주류,(주)성학주류,수도권,1581160
81895,(주)사가명주,(주)사가명주,수도권,396130
81896,주식회사 덕원,주식회사 덕원,경상권,239500
81909,바른주류판매(유),바른주류판매(유),전라권,578060
81940,(유)디케이종합주류,(유)디케이종합주류,수도권,104610
81945,(주)엠케이펍,(주)엠케이펍,수도권,36000
81982,(주)계벽삼주,(주)계벽삼주,수도권,125170
81995,(자)중국주류,(자)중국주류(통합),수도권,1752580
81997,(주)서정주류,(주)서정주류,수도권,641470
82010,(주)성우종합주류,(주)성우종합주류,수도권,230730
83636,(유)세종주류,(유)세종주류,충청권,171070
83651,광신주류(주) 클럽디,광신주류(주) 클럽디(통합),경상권,566120
83652,(자)해동산업,(자)해동산업,경상권,47520
83653,(자)케이주류 안산,(자)케이주류 안산,수도권,47970
83675,한국쥬맥스(주),한국쥬맥스(주),수도권,178350
83721,화산세계주류주식회사_브루락,화산세계주류주식회사_브루락(통합),경상권,1399710
83742,(주)금양인터내셔날,(주)금양인터내셔날,수도권,5784640
83757,(유)태양주류_ALSM,(유)태양주류_ALSM,수도권,870
83763,(유)미라클수입주류상사,(유)미라클수입주류상사,수도권,1567630
83768,프레시스(주),프레시스(주),제주권,617500
83770,세계주류마켓,세계주류㈜춘천(통합),강원권,18840
83790,(주)신우유통 ALSM,(주)신우유통 ALSM,경상권,7243895
83793,(주)종로맥가,(주)종로맥가,충청권,157800
83797,합자회사 엔에스주류,합자회사 엔에스주류,충청권,3660
83848,(주)금성종합주류,(주)금성종합주류,경상권,116580
83854,주식회사글로벌제너레이션,주식회사글로벌제너레이션,수도권,315000
83855,(자)서부기업,(자)서부기업,경상권,57080
83863,(주)밸류플러스,(주)밸류플러스,수도권,87900
83874,플러스월드(주),플러스월드(주),제주권,75000
83875,(유)일신중국주류,(유)일신중국주류,전라권,2560780
83891,주식회사 부산종합유통,주식회사 부산종합유통,경상권,1959950
83947,성실주류판매(자),성실주류판매(자),전라권,170900
83958,포도주류유한회사_클럽(의왕),포도주류유한회사_클럽(의왕),수도권,3445750
84010,비엠미디어,비엠미디어,수도권,5040
84012,에이리커컴퍼니_GOVASON,에이리커컴퍼니대구(통합),경상권,331750
84013,(자)보성주류,(자)보성주류,경상권,570710
84024,(유)정성주류,(유)정성주류,수도권,200690
84042,(유한)을지식품,(유한)을지식품,수도권,842610
84083,(주)이반유통,(주)이반유통,수도권,423840
84117,유한회사 신동주류,유한회사 신동주류,수도권,188400
84127,아람주류주식회사,아람주류주식회사,수도권,73360
84130,만두유통(주)가양,(유)만두유통(통합),수도권,1225460
84147,(자)한진산업_GOVASON,한진산업(자)(통합),경상권,621360
84148,(자)호담주류_GOVASON,호담주류대구(통합),경상권,991740
84153,(유)청담주류,(유)청담주류(통합),수도권,371320
84160,에스디마켓,에스디마켓,수도권,90000
84171,(주)청담주류,(유)청담주류(통합),수도권,232790
84177,(주)부산롯데호텔,(주)부산롯데호텔,경상권,48000
84189,(주)서울랜드_쌈이맛,(주)서울랜드_쌈이맛,수도권,5040
84192,주식회사 원주류,주식회사 원주류,수도권,360910
85324,에프에이앰(주)_대구FC,에프에이앰(주)_대구FC,경상권,27400
85470,엠디워크스,엠디워크스,수도권,1148570
85497,에버미라클호텔 주식회사,에버미라클호텔 주식회사,경상권,1370
85499,주식회사 와인하우스_메리모나크,주식회사 와인하우스_메리모나크,경상권,2740
85507,합명회사천지주류,합명회사천지주류,전라권,101080
85562,(주)농심_호텔농심,(주)농심_호텔농심,경상권,5480
85619,신일주류(유)_맥구피,(유)신일주류(통합),경상권,469270
85628,국제주류경남_코엔엠,국제주류경남_코엔엠,경상권,3528690
85634,주식회사 대명주류,주식회사 대명주류,제주권,80000
85638,주식회사 엠에스컴퍼니,주식회사 엠에스컴퍼니,경상권,609560
85720,서영주류판매(유)_ThursdayParty,서영주류판매(유)(통합),수도권,572285
85740,주식회사 팀프주류,주식회사 팀프주류,수도권,23190
85743,트레이드제이,트레이드제이,수도권,650610
85748,교촌필방,교촌필방,수도권,5040
85751,서영주류판매(유)_고래맥주창고,서영주류판매(유)(통합),수도권,2880870
85753,세계주류(주)신림_고양하치장,세계주류(주)신림_고양하치장,수도권,5024200
85814,신세계수입주류(합)_고래맥주창고,신세계수입주류(합)_고래맥주창고,경상권,886240
85820,아모제푸드(주)_테르메덴,아모제푸드(주)_테르메덴,수도권,33600
85827,해동주류(주)_파운틴,해동주류(주)_파운틴,수도권,1932960
85829,에어로케이항공(주),에어로케이항공(주),수도권,74400
85831,(주)남원,(주)남원,강원권,233650
85832,대정(주)_고양하치장,대정 주식회사(통합),수도권,1976960
85857,주식회사 코스니크,주식회사 코스니크,수도권,53630
85896,해동주류(주)_CGV,해동주류(주)_CGV,수도권,1058250
85921,합명회사 북광주류,합명회사 북광주류,수도권,166570
85937,롯데지알에스(주),롯데지알에스(주),경상권,1163670
85943,포도주류분당_프랜차이즈,포도주류분당_프랜차이즈,수도권,5973440
85971,(자)금성종합주류상사,(자)금성종합주류상사,충청권,51390
85976,중앙종합주류(유)_프랜차이즈,중앙종합주류(유)_프랜차이즈,수도권,2637110
85984,(주)영남유통,(주)영남유통,경상권,182470
85989,나산주류상사_인서울CC,나산주류상사(통합),수도권,351050
86009,대화주류(주)_프랜차이즈,대화주류(주)(통합),수도권,135840
86010,(자)중국주류_프랜차이즈,(자)중국주류(통합),수도권,623980
86016,유한회사 동하주류,유한회사 동하주류,수도권,690580
86022,(유)디오니_스포츠,(유)디오니(통합),전라권,3972910
86023,백산주류(유)_클럽,백산주류(유)_클럽(통합),수도권,1203350
86024,용우상사(유)_슈가레이,(유)용우상사(통합),수도권,730710
86036,동양주류(주)_대구FC,동양주류(주)(통합),경상권,241920
86088,주식회사 디케이엘종합주류,주식회사 디케이엘종합주류,수도권,108040
86090,황재주류(주)_BAY CLUB,황재주류(주)(통합),경상권,25200
86093,스탠포드호텔앤리조트 주식회사,스탠포드호텔앤리조트 주식회사,경상권,1370
86141,비어벨트코리아,비어벨트코리아,수도권,1616450
86165,신세계수입주류(합)_썰스데이파티,신세계수입주류(합)_썰스데이파티,경상권,2082860
86172,CJ프레시웨이,CJ프레시웨이,수도권,355590
86224,신태산주류(합)_프린세스CC,신태산주류(합)_프린세스CC,충청권,33730
86225,대정_고양하치장_프랜차이즈,대정 주식회사(통합),수도권,667270
86226,대정_프랜차이즈,대정 주식회사(통합),수도권,940580
86259,케이엔씨체인㈜,케이엔씨체인㈜,수도권,475200
86261,(주)문화체인,(주)문화체인,수도권,239910
86268,대영주류(주)_갓잇,대영주류(주)_갓잇(통합),수도권,1013250
86269,비에스㈜,비에스㈜,경상권,542400
86275,대진주류㈜남양주_Hotel,대진주류㈜남양주_Hotel,수도권,1841440
86287,동산주류상사(주)_유성CC,동산주류상사(주)_유성CC,충청권,11700
86305,진양상사_송쭈집,진양상사_송쭈집,수도권,85080
86317,의창실업(주)_더블린,의창실업(주)(통합),수도권,637330
86318,논홉,논홉,수도권,96000
86319,제논컴퍼니,제논컴퍼니,경상권,137210
86322,만두유통(유)_아웃백,(유)만두유통(통합),수도권,4065500
86340,다함주류(유)_코르크,다함주류(유)(통합),수도권,53280
86346,디에이치로직스 주식회사,디에이치로직스 주식회사,수도권,49350
86347,동북아체인본부㈜,동북아체인본부㈜,수도권,96000
86360,유한회사 에이스주류,유한회사 에이스주류,경상권,642600
86363,서린주류주식_Morning,서린주류주식회사(통합),수도권,763850
86365,주식회사 판다주류제주,주식회사 판다주류제주,제주권,2180000
86368,춘파(합자),춘파(합자),수도권,8400
86392,청호주류합명회사_디아너스CC,청호주류합명회사(통합),충청권,33600
86409,우성식품(주)_페스티벌,우성식품(통합),수도권,461460
86411,대명주류상사(유)_한림용인cc,대명주류상사(유)_한림용인cc(통합),수도권,618180
86424,세계주류(주)춘천_ALSM,세계주류㈜춘천(통합),강원권,236160
86425,주식회사 태양수입주류,주식회사 태양수입주류,경상권,706600
86442,정현종합주류주식회사_프랜차이즈,정현종합주류주식회사_프랜차이즈,수도권,170870
86458,스테츠글로벌 주식회사,스테츠글로벌 주식회사,수도권,52800
86459,대덕상사(주)_Thursday Party,대덕상사(주)_Thursday Party,충청권,308040
86464,엠케이펍(MKPUB/성동),엠케이펍(MKPUB/성동),수도권,78000
86468,유일상사(주)_MacFries,유일상사(주)(통합),충청권,156400
86484,명성주류(주),명성주류(주),수도권,121720
86486,(주)위펀풀필먼트,(주)위펀풀필먼트,수도권,342000
86500,서영주류판매(유)_CLUB,서영주류판매(유)(통합),수도권,592520
86501,(주)대한슈퍼체인,(주)대한슈퍼체인,경상권,479350
86531,(명)삼화주판,(명)삼화주판,경상권,7920
86546,주식회사 세정종합주류,주식회사 세정종합주류,수도권,78380
86560,주식회사 대정_호텔,대정 주식회사(통합),수도권,469350
86581,(명)평창주류합동,(명)평창주류합동,강원권,44850
86587,고성주류(중랑),고성주류(중랑),수도권,16400
86589,(합자) 증평주류합동,(합자) 증평주류합동,충청권,13420
86594,(주)케이제이월드,(주)케이제이월드,수도권,104400
86607,장천주류㈜,장천주류㈜,충청권,2440
86617,천안상사㈜,천안상사㈜,충청권,31500
86636,의성경신(자),의성경신(자),경상권,3960
